{"cameraMode":{"drawMode":3,"name":"Shadow Cascades","section":"Miscellaneous"},"sceneLighting":true,"audioPlay":false,"sceneViewState":{"showFog":true,"showMaterialUpdate":false,"showSkybox":true,"showFlares":true,"showImageEffects":true,"showParticleSystems":true},"in2DMode":false,"pivot":{"x":-114.62910461425781,"y":62.90111541748047,"z":25.016767501831056},"rotation":{"x":-0.18078361451625825,"y":-0.01711629517376423,"z":0.003144248388707638,"w":-0.9833737015724182},"size":375.22686767578127,"orthographic":false}