{"cameraMode":{"drawMode":3,"name":"Shadow Cascades","section":"Miscellaneous"},"sceneLighting":true,"audioPlay":false,"sceneViewState":{"showFog":true,"showMaterialUpdate":false,"showSkybox":true,"showFlares":true,"showImageEffects":true,"showParticleSystems":true},"in2DMode":false,"pivot":{"x":-514.3792724609375,"y":-140.51646423339845,"z":-4010.9404296875},"rotation":{"x":0.18819519877433778,"y":-0.3943476974964142,"z":0.08284754306077957,"w":0.8962274789810181},"size":756.183837890625,"orthographic":false}